case_id,TUMOR_STAGE
TCGA-2A-A8VT,45
TCGA-2A-A8W1,43
TCGA-2A-A8W3,45
TCGA-2A-AAYF,34
TCGA-CH-5737,43
TCGA-CH-5739,34
TCGA-CH-5740,34
TCGA-CH-5741,45
TCGA-CH-5743,34
TCGA-CH-5744,43
TCGA-CH-5745,34
TCGA-CH-5746,34
TCGA-CH-5748,43
TCGA-CH-5750,34
TCGA-CH-5753,45
TCGA-CH-5754,45
TCGA-CH-5762,43
TCGA-CH-5763,34
TCGA-CH-5764,43
TCGA-CH-5765,34
TCGA-CH-5766,43
TCGA-CH-5767,43
TCGA-CH-5771,43
TCGA-CH-5772,45
TCGA-CH-5788,43
TCGA-CH-5789,34
TCGA-CH-5790,34
TCGA-CH-5791,34
TCGA-CH-5792,45
TCGA-CH-5794,34
TCGA-EJ-5494,43
TCGA-EJ-5496,34
TCGA-EJ-5497,34
TCGA-EJ-5498,43
TCGA-EJ-5499,43
TCGA-EJ-5501,43
TCGA-EJ-5502,43
TCGA-EJ-5504,43
TCGA-EJ-5505,43
TCGA-EJ-5507,45
TCGA-EJ-5508,34
TCGA-EJ-5509,34
TCGA-EJ-5510,43
TCGA-EJ-5511,34
TCGA-EJ-5512,34
TCGA-EJ-5514,45
TCGA-EJ-5515,34
TCGA-EJ-5516,34
TCGA-EJ-5518,45
TCGA-EJ-5521,34
TCGA-EJ-5522,34
TCGA-EJ-5524,45
TCGA-EJ-5525,45
TCGA-EJ-5527,43
TCGA-EJ-5530,34
TCGA-EJ-5531,43
TCGA-EJ-5532,34
TCGA-EJ-5542,34
TCGA-EJ-7115,43
TCGA-EJ-7123,34
TCGA-EJ-7125,34
TCGA-EJ-7218,34
TCGA-EJ-7312,43
TCGA-EJ-7314,43
TCGA-EJ-7315,43
TCGA-EJ-7317,34
TCGA-EJ-7318,43
TCGA-EJ-7325,34
TCGA-EJ-7327,34
TCGA-EJ-7328,43
TCGA-EJ-7330,43
TCGA-EJ-7331,34
TCGA-EJ-7781,34
TCGA-EJ-7783,43
TCGA-EJ-7784,43
TCGA-EJ-7785,34
TCGA-EJ-7786,34
TCGA-EJ-7788,34
TCGA-EJ-7789,43
TCGA-EJ-7791,34
TCGA-EJ-7792,34
TCGA-EJ-7793,34
TCGA-EJ-7794,34
TCGA-EJ-7797,34
TCGA-EJ-8469,45
TCGA-EJ-8470,43
TCGA-EJ-A46H,34
TCGA-EJ-A46I,34
TCGA-EJ-A65B,45
TCGA-EJ-A65E,43
TCGA-EJ-A65F,45
TCGA-EJ-A65J,45
TCGA-EJ-A6RC,43
TCGA-EJ-A7NF,34
TCGA-EJ-A7NG,34
TCGA-EJ-A7NH,34
TCGA-EJ-A7NK,34
TCGA-EJ-A7NM,45
TCGA-EJ-A7NN,43
TCGA-EJ-A8FN,34
TCGA-EJ-A8FO,43
TCGA-EJ-A8FS,34
TCGA-FC-7708,43
TCGA-FC-7961,45
TCGA-FC-A5OB,45
TCGA-FC-A66V,43
TCGA-FC-A6HD,43
TCGA-G9-6329,34
TCGA-G9-6332,43
TCGA-G9-6333,43
TCGA-G9-6336,34
TCGA-G9-6338,43
TCGA-G9-6339,34
TCGA-G9-6343,43
TCGA-G9-6348,34
TCGA-G9-6351,34
TCGA-G9-6353,34
TCGA-G9-6354,34
TCGA-G9-6356,45
TCGA-G9-6361,34
TCGA-G9-6362,43
TCGA-G9-6363,43
TCGA-G9-6364,34
TCGA-G9-6365,34
TCGA-G9-6366,43
TCGA-G9-6367,45
TCGA-G9-6369,43
TCGA-G9-6370,34
TCGA-G9-6373,43
TCGA-G9-6377,34
TCGA-G9-6378,34
TCGA-G9-6379,43
TCGA-G9-6384,34
TCGA-G9-6385,34
TCGA-G9-6494,43
TCGA-G9-6496,43
TCGA-G9-6498,34
TCGA-G9-6499,45
TCGA-G9-7519,34
TCGA-G9-7522,34
TCGA-G9-7525,43
TCGA-H9-7775,34
TCGA-H9-A6BY,34
TCGA-HC-7078,34
TCGA-HC-7079,34
TCGA-HC-7080,34
TCGA-HC-7081,45
TCGA-HC-7210,34
TCGA-HC-7211,34
TCGA-HC-7212,34
TCGA-HC-7213,45
TCGA-HC-7230,34
TCGA-HC-7231,34
TCGA-HC-7232,45
TCGA-HC-7233,43
TCGA-HC-7736,34
TCGA-HC-7737,34
TCGA-HC-7738,34
TCGA-HC-7740,34
TCGA-HC-7741,34
TCGA-HC-7742,34
TCGA-HC-7744,43
TCGA-HC-7745,43
TCGA-HC-7747,34
TCGA-HC-7749,43
TCGA-HC-7750,34
TCGA-HC-7752,34
TCGA-HC-7817,43
TCGA-HC-7818,34
TCGA-HC-7820,34
TCGA-HC-8212,34
TCGA-HC-8216,43
TCGA-HC-8256,34
TCGA-HC-8257,34
TCGA-HC-8260,34
TCGA-HC-8261,34
TCGA-HC-8264,45
TCGA-HC-A631,45
TCGA-HC-A632,45
TCGA-HC-A6AL,34
TCGA-HC-A6AN,43
TCGA-HC-A6AO,43
TCGA-HC-A6AP,34
TCGA-HC-A6AQ,34
TCGA-HC-A6AS,34
TCGA-HC-A6HX,43
TCGA-HC-A6HY,34
TCGA-HC-A76W,34
TCGA-HC-A76X,34
TCGA-HC-A8D0,34
TCGA-HC-A8D1,34
TCGA-HI-7168,45
TCGA-HI-7169,34
TCGA-J4-8198,43
TCGA-J4-8200,34
TCGA-J4-A67K,43
TCGA-J4-A67L,34
TCGA-J4-A67M,43
TCGA-J4-A67N,34
TCGA-J4-A67O,34
TCGA-J4-A67R,43
TCGA-J4-A67S,34
TCGA-J4-A67T,34
TCGA-J4-A6M7,34
TCGA-J4-A83I,43
TCGA-J4-A83J,34
TCGA-J4-A83L,34
TCGA-J4-A83M,43
TCGA-J4-A83N,34
TCGA-J4-AATZ,45
TCGA-J9-A52C,45
TCGA-J9-A52D,45
TCGA-J9-A52E,45
TCGA-J9-A8CK,45
TCGA-J9-A8CL,45
TCGA-J9-A8CP,43
TCGA-KC-A4BL,34
TCGA-KC-A4BN,34
TCGA-KC-A4BO,34
TCGA-KC-A4BR,45
TCGA-KC-A4BV,45
TCGA-KC-A7F3,34
TCGA-KC-A7F5,43
TCGA-KC-A7F6,34
TCGA-KC-A7FA,34
TCGA-KC-A7FD,34
TCGA-KC-A7FE,34
TCGA-KK-A59V,45
TCGA-KK-A59Y,45
TCGA-KK-A59Z,43
TCGA-KK-A5A1,45
TCGA-KK-A6DY,34
TCGA-KK-A6E0,45
TCGA-KK-A6E1,45
TCGA-KK-A6E2,34
TCGA-KK-A6E3,34
TCGA-KK-A6E4,34
TCGA-KK-A6E5,43
TCGA-KK-A6E6,45
TCGA-KK-A6E8,45
TCGA-KK-A7AP,45
TCGA-KK-A7AQ,43
TCGA-KK-A7AU,45
TCGA-KK-A7AV,34
TCGA-KK-A7AW,43
TCGA-KK-A7AY,43
TCGA-KK-A7AZ,43
TCGA-KK-A7B0,45
TCGA-KK-A7B1,43
TCGA-KK-A7B2,45
TCGA-KK-A7B3,45
TCGA-KK-A7B4,45
TCGA-KK-A8I4,43
TCGA-KK-A8I5,34
TCGA-KK-A8I6,43
TCGA-KK-A8I7,45
TCGA-KK-A8I8,45
TCGA-KK-A8IA,45
TCGA-KK-A8IB,45
TCGA-KK-A8IC,45
TCGA-KK-A8IF,43
TCGA-KK-A8IG,43
TCGA-KK-A8IH,43
TCGA-KK-A8II,45
TCGA-KK-A8IJ,43
TCGA-KK-A8IK,45
TCGA-KK-A8IL,45
TCGA-KK-A8IM,43
TCGA-M7-A71Y,34
TCGA-M7-A71Z,43
TCGA-M7-A721,34
TCGA-M7-A723,43
TCGA-M7-A725,43
TCGA-MG-AAMC,45
TCGA-QU-A6IL,34
TCGA-QU-A6IM,34
TCGA-QU-A6IN,34
TCGA-TK-A8OK,34
TCGA-TP-A8TT,43
TCGA-TP-A8TV,43
TCGA-V1-A8MG,34
TCGA-V1-A8MJ,34
TCGA-V1-A8ML,34
TCGA-V1-A8MM,43
TCGA-V1-A8MU,34
TCGA-V1-A8WL,34
TCGA-V1-A8WV,45
TCGA-V1-A8WW,45
TCGA-V1-A8X3,34
TCGA-V1-A9OA,45
TCGA-V1-A9OY,43
TCGA-V1-A9Z9,45
TCGA-V1-A9ZG,45
TCGA-V1-A9ZI,45
TCGA-VN-A88L,34
TCGA-VN-A88M,34
TCGA-VN-A88N,43
TCGA-VN-A88O,34
TCGA-VN-A88P,34
TCGA-VP-A875,34
TCGA-VP-A878,45
TCGA-VP-A879,45
TCGA-VP-A87C,43
TCGA-VP-A87D,45
TCGA-VP-A87H,45
TCGA-VP-A87J,34
TCGA-X4-A8KQ,45
TCGA-X4-A8KS,34
TCGA-XA-A8JR,43
TCGA-XJ-A83F,34
TCGA-XJ-A83G,43
TCGA-XJ-A83H,34
TCGA-XK-AAJA,43
TCGA-XK-AAJP,43
TCGA-XK-AAJR,43
TCGA-XK-AAJT,43
TCGA-XK-AAJU,43
TCGA-XK-AAK1,43
TCGA-XQ-A8TB,45
TCGA-YL-A8HJ,45
TCGA-YL-A8HK,45
TCGA-YL-A8HL,45
TCGA-YL-A8HM,45
TCGA-YL-A8HO,43
TCGA-YL-A8S8,45
TCGA-YL-A8S9,45
TCGA-YL-A8SB,45
TCGA-YL-A8SC,45
TCGA-YL-A8SH,43
TCGA-YL-A8SI,45
TCGA-YL-A8SJ,45
TCGA-YL-A8SK,45
TCGA-YL-A8SO,45
TCGA-YL-A8SP,45
TCGA-YL-A8SQ,45
TCGA-YL-A8SR,45
TCGA-YL-A9WH,45
TCGA-YL-A9WI,45
TCGA-YL-A9WK,45
TCGA-YL-A9WL,45
TCGA-YL-A9WX,45
TCGA-ZG-A8QW,45
TCGA-ZG-A8QZ,45
TCGA-ZG-A9L1,45
TCGA-ZG-A9L2,45
TCGA-ZG-A9L9,45
TCGA-ZG-A9LM,45
TCGA-ZG-A9LY,45
TCGA-ZG-A9LZ,45
